Start_Location,End_Location,Station_Type,Latitude,Longitude,Station_Distance_km,Distance_from_End_km,Fare_INR,Travel_Time_min
Swargate,Kharadi,Bus,18.512605613512758,73.87936299873421,2.176,7.253,6,4
Swargate,Katraj,Bus,18.452697,73.858438,5.959,0.731,20,14
Pune Railway Station,Katraj,Bus,18.508711,73.874119,5.982,7.448,20,20
Swargate,Katraj,Bus,18.471596,73.857851,3.484,3.206,13,8
Kothrud Depot,Swargate,Bus,18.510956,73.824513,2.007,4.59,9,7
Pune Railway Station,Katraj,Bus,18.479852,73.85831,9.704,3.726,27,33
Pune Station,Pimpri,Bus,18.62606664780815,73.81215913420955,12.655,0.0,10,33
Shivaji Nagar,Kothrud Depot,Bus,18.52671018672478,73.84042792764002,0.872,4.069,5,1
Swargate,Shivaji Nagar,Bus,18.515175,73.843248,2.716,3.262,11,7
Swargate,Shivaji Nagar,Bus,18.510484,73.84981,2.073,3.905,12,8
Swargate,Shivaji Nagar,Bus,18.530642,73.849417,4.998,0.98,18,17
Swargate,Shivaji Nagar,Bus,18.528328,73.847342,4.586,1.392,17,17
Shivaji Nagar,Kothrud Depot,Bus,18.507399620662635,73.80763510649999,4.941,0.0,7,12
Swargate,Katraj,Bus,18.499997,73.863664,0.336,6.354,6,0
Swargate,Katraj,Bus,18.47562,73.858489,3.03,3.66,11,8
Kothrud Depot,Pune Station,Bus,18.528811519780312,73.87446671547976,7.437,0.0,9,17
Pune Railway Station,Katraj,Bus,18.463192,73.860466,11.605,1.825,33,41
Swargate,Shivaji Nagar,Bus,18.528084849838404,73.84884176479505,3.344,0.334,7,8
Swargate,Katraj,Bus,18.470005,73.85612,3.598,3.092,12,9
Shivaji Nagar,Kothrud Depot,Bus,18.515738413482374,73.82189173199367,3.176,1.765,7,7
Pune Station,Pimpri,Bus,18.612173441121985,73.82105760349349,10.847,1.808,10,25
Swargate,Shivaji Nagar,Bus,18.520890685702145,73.8525267570212,2.452,1.226,5,6
Pimpri,Bhosari,Bus,18.637692284050164,73.84544218833986,3.735,0.267,6,8
Kothrud Depot,Swargate,Bus,18.515441,73.8459,4.061,2.536,13,12
Pune Railway Station,Katraj,Bus,18.479909,73.857958,9.628,3.802,29,27
Kothrud Depot,PCMC,Bus,18.57418052421122,73.80331297790705,7.438,6.198,8,19
Kothrud Depot,Swargate,Bus,18.512262,73.832037,2.61,3.987,10,8
Kothrud Depot,Swargate,Bus,18.512767,73.826809,2.082,4.515,12,7
Pimpri,Bhosari,Bus,18.63306762633753,73.8321873737802,2.251,1.751,6,5
Pune Railway Station,Katraj,Bus,18.502343,73.864029,7.05,6.38,21,26
Kothrud Depot,PCMC,Bus,18.534590859170397,73.80588823170349,3.03,10.606,7,6
Swargate,Shivaji Nagar,Bus,18.530702,73.849159,5.8,0.178,20,20
Pimpri,Bhosari,Bus,18.636064624625263,73.84067444744313,3.201,0.8,7,8
Swargate,Katraj,Bus,18.490528,73.860858,1.306,5.384,7,3
Swargate,Katraj,Bus,18.500636,73.863629,0.112,6.578,7,3
Swargate,Shivaji Nagar,Bus,18.513106,73.845672,2.479,3.499,12,8
Swargate,Katraj,Bus,18.489175,73.860988,1.418,5.272,8,3
Swargate,Katraj,Bus,18.457589,73.85317,4.998,1.692,18,12
Pune Railway Station,Katraj,Bus,18.51105,73.878248,5.295,8.135,18,12
Swargate,Shivaji Nagar,Bus,18.501997,73.863489,0.0,5.978,5,2
Swargate,Shivaji Nagar,Bus,18.504735,73.853064,1.261,4.717,8,4
Pune Station,Pimpri,Bus,18.61860078974915,73.81695359917758,11.681,0.973,10,27
Swargate,Katraj,Bus,18.45651,73.85472,5.42,1.27,18,17
Kothrud Depot,Swargate,Bus,18.515822,73.834836,3.139,3.458,14,7
Pune Railway Station,Katraj,Bus,18.536271,73.887821,2.395,11.035,10,7
Pune Railway Station,Katraj,Bus,18.535601,73.883931,1.216,12.214,7,4
Shivaji Nagar,Kothrud Depot,Bus,18.52751950714413,73.84177770544485,0.706,4.235,5,1
Pune Railway Station,Katraj,Bus,18.459717,73.862231,12.061,1.369,35,43
Kothrud Depot,Swargate,Bus,18.512349,73.825036,1.857,4.74,9,7
Kothrud Depot,PCMC,Bus,18.50742637374585,73.80763796088239,0.0,13.636,6,0
Swargate,Shivaji Nagar,Bus,18.517079,73.841442,3.088,2.89,11,8
Swargate,Katraj,Bus,18.456316,73.855022,5.304,1.386,17,16
Pune Station,Hadapsar,Bus,18.511730308380173,73.90427019109727,3.673,2.623,6,8
Swargate,Katraj,Bus,18.457469,73.854497,5.189,1.501,19,15
Swargate,Katraj,Bus,18.469373,73.854307,3.787,2.903,15,13
Hadapsar,PCMC,Bus,18.499525083862533,73.9255937905034,0.0,19.644,6,0
Swargate,Kharadi,Bus,18.532841526896103,73.90870086451034,6.001,3.429,7,12
Kothrud Depot,Swargate,Bus,18.515065,73.836857,3.214,3.383,11,10
Pune Railway Station,Katraj,Bus,18.539142,73.887077,1.854,11.576,9,6
Pune Railway Station,Katraj,Bus,18.510014,73.872949,5.905,7.525,19,14
Swargate,Shivaji Nagar,Bus,18.510372886372977,73.85797028183858,1.149,2.529,7,2
Swargate,Shivaji Nagar,Bus,18.51428429063246,73.85596573276428,1.635,2.043,7,4
Swargate,Shivaji Nagar,Bus,18.510393,73.848204,2.242,3.736,12,8
Kothrud Depot,PCMC,Bus,18.57416370412016,73.80332180435137,7.438,6.198,8,17
Swargate,Shivaji Nagar,Bus,18.519945,73.843328,3.437,2.541,15,14
Pune Railway Station,Katraj,Bus,18.493201,73.861664,8.188,5.242,27,23
Pune Station,Kharadi,Bus,18.5303756194566,73.87880209436788,0.489,6.351,6,1
Swargate,Shivaji Nagar,Bus,18.52709867832941,73.84938274065716,3.218,0.46,8,7
Swargate,Shivaji Nagar,Bus,18.531856,73.852169,5.168,0.81,18,18
Pimpri,Bhosari,Bus,18.638513862213404,73.84778075790447,4.001,0.0,7,9
Swargate,Shivaji Nagar,Bus,18.501007,73.856559,0.719,5.259,7,3
Pune Station,Pimpri,Bus,18.54598751878539,73.86352028486814,2.233,10.421,5,5
Kothrud Depot,Pune Station,Bus,18.513817115252973,73.8276894299708,2.231,5.206,5,4
Kothrud Depot,Pune Station,Bus,18.52547947466615,73.8642217618716,6.293,1.144,8,13
Kothrud Depot,Swargate,Bus,18.513754,73.848779,4.658,1.939,16,19
Pimpri,Bhosari,Bus,18.628588346338123,73.81924683382708,0.8,3.201,5,2
Swargate,Katraj,Bus,18.476712,73.858819,2.841,3.849,12,5
Swargate,Katraj,Bus,18.471899,73.856306,3.409,3.281,15,7
Hadapsar,PCMC,Bus,18.62166637733,73.80758502915349,18.417,1.228,14,39
Swargate,Shivaji Nagar,Bus,18.507131,73.851326,1.599,4.379,9,8
Pune Railway Station,Katraj,Bus,18.525518,73.883403,3.616,9.814,15,11
Kothrud Depot,Swargate,Bus,18.513183,73.831549,2.686,3.911,12,7
Swargate,Katraj,Bus,18.468856,73.85504,3.749,2.941,13,8
Swargate,Shivaji Nagar,Bus,18.523253,73.844237,3.89,2.088,15,10
Kothrud Depot,PCMC,Bus,18.518530495257973,73.80688849464565,1.24,12.396,5,2
Pimpri,Bhosari,Bus,18.63684589051017,73.84307748354263,3.468,0.534,8,8
Swargate,Katraj,Bus,18.488254,73.859229,1.642,5.048,9,5
Swargate,Shivaji Nagar,Bus,18.520001669891155,73.85300516035387,2.341,1.337,6,6
Kothrud Depot,Swargate,Bus,18.512548,73.830808,2.384,4.213,12,8
Pune Station,Pimpri,Bus,18.56312382196252,73.85248305713615,4.467,8.188,6,12
Hadapsar,PCMC,Bus,18.499525473108875,73.92557841679694,0.0,19.644,5,0
Swargate,Shivaji Nagar,Bus,18.51054,73.847217,2.141,3.837,10,8
Kothrud Depot,Swargate,Bus,18.510664,73.817485,1.04,5.557,6,0
Pimpri,Bhosari,Bus,18.632668278051128,73.83101848899528,2.118,1.883,7,4
Kothrud Depot,Swargate,Bus,18.510272,73.823703,1.82,4.777,10,4
Swargate,Shivaji Nagar,Bus,18.504191,73.854992,1.193,4.785,7,2
Kothrud Depot,PCMC,Bus,18.589031357137305,73.80233852011499,9.091,4.545,10,22
Swargate,Katraj,Bus,18.492082,73.861687,1.082,5.608,7,6
Swargate,Shivaji Nagar,Bus,18.533004,73.851353,5.551,0.427,17,19
Pimpri,Bhosari,Bus,18.628333714569283,73.81864049865698,0.728,3.274,5,2
Pune Railway Station,Katraj,Bus,18.476101,73.859563,10.16,3.27,30,39
Kothrud Depot,PCMC,Bus,18.629776672472072,73.7996812631846,13.636,0.0,13,33
Swargate,Shivaji Nagar,Bus,18.52523968800499,73.8503020451994,2.989,0.69,5,6
Pune Railway Station,Katraj,Bus,18.518598,73.881649,4.532,8.898,15,14
Swargate,Shivaji Nagar,Bus,18.512451,73.846497,2.411,3.567,12,6
Swargate,Shivaji Nagar,Bus,18.517721,73.840928,3.193,2.785,12,11
Pune Railway Station,Katraj,Bus,18.499057,73.862803,7.506,5.924,24,21
Swargate,Shivaji Nagar,Bus,18.51897,73.84294,3.332,2.646,12,11
Pune Station,Pimpri,Bus,18.603623155105364,73.82652926722481,9.734,2.92,11,25
Pune Station,Kharadi,Bus,18.539875475251584,73.90475537794217,3.42,3.42,6,8
Hadapsar,PCMC,Bus,18.579719662842717,73.84813068462907,12.09,7.555,12,31
Swargate,Shivaji Nagar,Bus,18.508480749425026,73.85887606574043,0.92,2.759,6,2
Swargate,Shivaji Nagar,Bus,18.51292829745344,73.85660816372925,1.471,2.207,6,4
Pune Station,Hadapsar,Bus,18.52636202544891,73.8787278404545,0.525,5.771,5,0
Swargate,Katraj,Bus,18.496545,73.861312,0.522,6.168,7,1
Hadapsar,PCMC,Bus,18.529634569397583,73.8965208488897,4.534,15.11,6,10
Swargate,Katraj,Bus,18.469059,73.855904,3.674,3.016,12,12
Swargate,Shivaji Nagar,Bus,18.518925626260224,73.85355216674746,2.207,1.471,6,4
Shivaji Nagar,Kothrud Depot,Bus,18.5308048296748,73.84746049456429,0.0,4.941,5,0
Swargate,Shivaji Nagar,Bus,18.505887,73.851292,1.531,4.447,7,7
Swargate,Shivaji Nagar,Bus,18.530091,73.84783,4.691,1.287,16,18
Hadapsar,PCMC,Bus,18.548350063296706,73.878396728593,7.367,12.277,9,16
Kothrud Depot,Swargate,Bus,18.511341,73.81975,1.411,5.186,8,4
Swargate,Shivaji Nagar,Bus,18.526304,73.846161,4.343,1.635,16,16
Kothrud Depot,Pune Station,Bus,18.514961898075427,73.83123750119383,2.625,4.812,7,6
Swargate,Shivaji Nagar,Bus,18.506919,73.849566,1.836,4.142,8,8
Kothrud Depot,Swargate,Bus,18.516669,73.836896,3.327,3.27,13,9
Swargate,Shivaji Nagar,Bus,18.502347,73.854179,1.227,4.751,8,2
Kothrud Depot,PCMC,Bus,18.54080737144296,73.80547678032686,3.719,9.917,6,8
Swargate,Kharadi,Bus,18.547125600824074,73.92938691362274,8.704,0.725,9,22
Swargate,Kharadi,Bus,18.541890817616355,73.92183842245542,7.715,1.714,8,18
Pune Station,Pimpri,Bus,18.62037866838204,73.81582058664726,11.91,0.744,11,26
Shivaji Nagar,Kothrud Depot,Bus,18.52936370307502,73.84496305697533,0.309,4.632,5,1
Shivaji Nagar,Kothrud Depot,Bus,18.508765394477265,73.81000564788026,4.65,0.291,8,11
Pimpri,Bhosari,Bus,18.63399100110765,73.83483085354749,2.546,1.455,6,6
Swargate,Katraj,Bus,18.465942,73.854778,4.128,2.562,14,13
Shivaji Nagar,Kothrud Depot,Bus,18.511302400094987,73.8142775648521,4.117,0.823,6,9
Pune Railway Station,Katraj,Bus,18.483612,73.859681,9.401,4.029,26,28
Pune Railway Station,Katraj,Bus,18.472569,73.859477,10.617,2.813,30,35
Pune Railway Station,Katraj,Bus,18.50213,73.863577,7.355,6.075,24,20
Swargate,Shivaji Nagar,Bus,18.500879,73.859803,0.411,5.567,7,1
Swargate,Shivaji Nagar,Bus,18.52188,73.845049,3.925,2.053,14,13
Hadapsar,PCMC,Bus,18.549629417882773,73.87719418839052,7.556,12.088,8,18
Shivaji Nagar,Kothrud Depot,Bus,18.51705843532561,73.8240320118774,2.906,2.034,6,7
Swargate,Katraj,Bus,18.450869,73.857129,5.882,0.808,17,16
Kothrud Depot,PCMC,Bus,18.548243078283956,73.805001395934,4.545,9.091,8,12
Pune Station,Hadapsar,Bus,18.513043283223443,73.90202015937237,3.39,2.906,6,8
Swargate,Shivaji Nagar,Bus,18.524559,73.846398,4.169,1.809,15,16
Pune Railway Station,Katraj,Bus,18.517877,73.879959,4.608,8.822,17,15
Kothrud Depot,Pune Station,Bus,18.51397098639088,73.82825698575897,2.288,5.149,7,5
Pune Railway Station,Katraj,Bus,18.453115,73.863486,12.745,0.685,35,35
Kothrud Depot,Swargate,Bus,18.516349,73.839155,3.486,3.111,12,11
Kothrud Depot,Swargate,Bus,18.508875,73.852195,4.956,1.641,17,16
Swargate,Kharadi,Bus,18.53176642009959,73.90720241927393,5.803,3.627,8,12
Pune Railway Station,Katraj,Bus,18.474531,73.856991,10.236,3.194,28,27
Pune Railway Station,Katraj,Bus,18.524046,73.882233,3.769,9.661,15,10
Shivaji Nagar,Kothrud Depot,Bus,18.53079784020715,73.84745461971319,0.0,4.941,5,0
Swargate,Shivaji Nagar,Bus,18.520414,73.844091,3.576,2.402,15,11
Pune Railway Station,Katraj,Bus,18.506489,73.870109,6.211,7.219,21,20
Swargate,Katraj,Bus,18.500126,73.862402,0.187,6.503,6,1
Pune Station,Pimpri,Bus,18.566251719568537,73.85051375601765,4.867,7.787,7,11
Kothrud Depot,Swargate,Bus,18.508979,73.853742,5.142,1.455,17,18
Kothrud Depot,PCMC,Bus,18.5400361428439,73.80554909969086,3.636,10.0,8,9
Pune Station,Kharadi,Bus,18.53284097936413,73.88545335696729,1.244,5.596,5,2
Pune Railway Station,Katraj,Bus,18.53303,73.884975,2.7,10.73,11,11
Swargate,Katraj,Bus,18.479901,73.857756,2.425,4.265,9,6
Pimpri,Bhosari,Bus,18.63542342838756,73.83888909714948,3.001,1.0,7,6
Pune Station,Hadapsar,Bus,18.52432030499779,73.8823611939855,0.969,5.328,6,2
Kothrud Depot,Pune Station,Bus,18.51368936813953,73.82728343132091,2.187,5.249,6,5
Pune Station,Pimpri,Bus,18.528817982389604,73.87448996931647,0.0,12.655,6,0
Pune Station,Hadapsar,Bus,18.5125372544323,73.90286072802823,3.498,2.798,8,8
Hadapsar,PCMC,Bus,18.57551012537324,73.85213215815175,11.46,8.184,11,28
Pimpri,Bhosari,Bus,18.62605407806156,73.81218375465122,0.0,4.001,6,0
Kothrud Depot,Swargate,Bus,18.508907,73.818184,1.3,5.297,9,4
Swargate,Kharadi,Bus,18.5301696646728,73.90484775968883,5.501,3.929,9,12
Pune Station,Pimpri,Bus,18.558741121737537,73.85530526120704,3.894,8.761,7,8
Pune Station,Pimpri,Bus,18.626060940086525,73.81217780436037,12.655,0.0,12,31
Kothrud Depot,Pune Station,Bus,18.50739218655183,73.80764503619591,0.0,7.437,5,0
Kothrud Depot,Swargate,Bus,18.511179,73.820567,1.374,5.223,8,3
Pune Railway Station,Katraj,Bus,18.447077,73.864778,13.354,0.076,36,45
Pune Railway Station,Katraj,Bus,18.475408,73.857406,10.084,3.346,30,37
Pune Station,Kharadi,Bus,18.54758600921005,73.9257124707194,5.787,1.052,9,15
Swargate,Katraj,Bus,18.4981,73.862022,0.448,6.242,5,3
Swargate,Katraj,Bus,18.465927,73.85347,3.938,2.752,14,10
Kothrud Depot,Swargate,Bus,18.514563,73.834804,2.912,3.685,13,10
Swargate,Shivaji Nagar,Bus,18.517579891140297,73.85423732983153,2.043,1.635,5,4
Pune Railway Station,Katraj,Bus,18.495417,73.860528,7.809,5.621,25,24
Kothrud Depot,Pune Station,Bus,18.520571488181723,73.8487580734995,4.577,2.86,6,11
Pune Station,Hadapsar,Bus,18.516591803493803,73.89576287582138,2.623,3.673,7,6
Swargate,Katraj,Bus,18.495344,73.86121,0.821,5.869,9,1
Pune Railway Station,Katraj,Bus,18.489462,73.860671,8.719,4.711,25,26
Swargate,Katraj,Bus,18.477762,73.856735,2.955,3.735,14,6
Swargate,Shivaji Nagar,Bus,18.532835,73.852226,5.202,0.776,16,21
Swargate,Shivaji Nagar,Bus,18.50601785414674,73.860163840768,0.613,3.065,6,1
Swargate,Shivaji Nagar,Bus,18.515807,73.843255,2.919,3.059,13,9
Kothrud Depot,Swargate,Bus,18.510613,73.825566,1.969,4.628,11,8
Kothrud Depot,Swargate,Bus,18.510963,73.849011,4.546,2.051,16,16
Kothrud Depot,Swargate,Bus,18.501752,73.863282,6.373,0.224,21,16
Pune Railway Station,Katraj,Bus,18.469446,73.861297,10.845,2.585,31,31
Swargate,Katraj,Bus,18.461688,73.855192,4.544,2.146,16,11
Swargate,Katraj,Bus,18.482586,73.858296,2.052,4.638,9,7
Kothrud Depot,PCMC,Bus,18.50737019762583,73.80767629787674,0.0,13.636,5,0
Swargate,Shivaji Nagar,Bus,18.533129,73.852891,5.444,0.534,18,20
Kothrud Depot,PCMC,Bus,18.5184985274724,73.80692252601398,1.24,12.396,6,3
Shivaji Nagar,Kothrud Depot,Bus,18.52498548113982,73.83753317995316,1.235,3.706,5,3
Pune Station,Kharadi,Bus,18.5383309713843,73.90037793891757,2.931,3.908,7,6
Pune Railway Station,Katraj,Bus,18.51102,73.876744,5.447,7.983,18,17
Pune Railway Station,Katraj,Bus,18.533853,73.886994,2.853,10.577,11,11
Kothrud Depot,PCMC,Bus,18.50740490085893,73.80766036447592,0.0,13.636,5,0
Pimpri,Bhosari,Bus,18.634159028704687,73.83520750363523,2.589,1.412,5,5
Pune Railway Station,Katraj,Bus,18.506619,73.869896,6.287,7.143,21,17
Pune Railway Station,Katraj,Bus,18.467254,73.860091,11.301,2.129,31,31
Kothrud Depot,Swargate,Bus,18.513346,73.845309,4.322,2.275,15,11
Swargate,Kharadi,Bus,18.52024313589736,73.89046555764197,3.627,5.803,8,9
Swargate,Shivaji Nagar,Bus,18.50438910143388,73.86100597561702,0.409,3.269,5,1
Pimpri,Bhosari,Bus,18.62684769183601,73.81438527632892,0.25,3.751,5,0
Kothrud Depot,Pune Station,Bus,18.510462144714875,73.81719506533217,1.062,6.374,7,3
Swargate,Kharadi,Bus,18.551000140595665,73.93496227752676,9.43,0.0,10,20
Pimpri,Bhosari,Bus,18.63232760205,73.8299900897247,2.001,2.001,6,5
Pune Railway Station,Katraj,Bus,18.518428,73.881422,4.379,9.051,15,14
Swargate,Shivaji Nagar,Bus,18.523266,73.845691,3.96,2.018,15,12
Swargate,Shivaji Nagar,Bus,18.511852841571905,73.8571432399943,1.338,2.341,7,3
Pune Railway Station,Katraj,Bus,18.484981,73.85977,9.098,4.332,25,29
Pimpri,Bhosari,Bus,18.63514048697708,73.83804336730694,2.91,1.091,5,6
Pune Station,Pimpri,Bus,18.608894758540195,73.82315349568964,10.422,2.233,11,23
Swargate,Shivaji Nagar,Bus,18.503979,73.855699,1.058,4.92,9,4
Swargate,Katraj,Bus,18.450712,73.860016,6.036,0.654,21,14
Pune Station,Kharadi,Bus,18.533949833065595,73.88846167766047,1.578,5.261,7,3
Swargate,Katraj,Bus,18.494716,73.862582,0.709,5.981,6,1
Pune Railway Station,Katraj,Bus,18.532936,73.878135,0.608,12.822,6,4
Swargate,Kharadi,Bus,18.51770197523008,73.88681224046155,3.143,6.286,7,7
Pimpri,Bhosari,Bus,18.635421225030427,73.83884865695147,3.001,1.0,7,6
Pune Railway Station,Katraj,Bus,18.503749,73.869083,6.516,6.914,20,18
Shivaji Nagar,Kothrud Depot,Bus,18.50935139186883,73.81099221870541,4.529,0.412,8,11
Swargate,Katraj,Bus,18.447897,73.8627,6.613,0.077,23,22
Kothrud Depot,Pune Station,Bus,18.5099164467259,73.8155077246857,0.875,6.562,5,1
Swargate,Shivaji Nagar,Bus,18.530254,73.849405,4.861,1.117,18,14
Shivaji Nagar,Kothrud Depot,Bus,18.527914055145622,73.84246849875503,0.618,4.323,5,1
Pune Railway Station,Katraj,Bus,18.536055,73.880957,1.13,12.3,8,7
Pune Railway Station,Katraj,Bus,18.490544,73.860942,8.567,4.863,25,27
Kothrud Depot,PCMC,Bus,18.55189262057226,73.80476362615066,4.959,8.678,8,11
Swargate,Katraj,Bus,18.488305,73.859824,1.53,5.16,10,6
Swargate,Shivaji Nagar,Bus,18.510056,73.847562,2.208,3.77,9,4
Kothrud Depot,Swargate,Bus,18.511763,73.827225,2.195,4.402,12,5
Swargate,Kharadi,Bus,18.528285007784906,73.90211595854684,5.144,4.286,7,13
Kothrud Depot,PCMC,Bus,18.521020203838123,73.80675822846466,1.515,12.121,6,4
Swargate,Shivaji Nagar,Bus,18.52153615120808,73.85220325357503,2.529,1.149,7,6
Kothrud Depot,Swargate,Bus,18.511535,73.827505,2.271,4.326,10,6
Shivaji Nagar,Kothrud Depot,Bus,18.527500474807717,73.84174754587441,0.706,4.235,5,1
Pune Station,Hadapsar,Bus,18.49950876894034,73.92559211459917,6.296,0.0,8,13
Pune Railway Station,Katraj,Bus,18.529977,73.875544,0.174,13.256,5,3
Kothrud Depot,Swargate,Bus,18.513776,73.845929,4.396,2.201,16,11
Swargate,Katraj,Bus,18.481991,73.859155,2.239,4.451,12,4
Pune Station,Kharadi,Bus,18.549400748608463,73.93069142218921,6.351,0.489,8,13
Swargate,Shivaji Nagar,Bus,18.517770482752265,73.85410607972781,2.069,1.609,5,5
Swargate,Shivaji Nagar,Bus,18.507289,73.84982,1.701,4.277,10,8
Pune Station,Kharadi,Bus,18.545474848805306,73.91983969401119,5.13,1.71,7,10
Swargate,Shivaji Nagar,Bus,18.50491,73.852027,1.396,4.582,10,5
Hadapsar,PCMC,Bus,18.60540371462879,73.82331628660776,15.962,3.683,13,41
Swargate,Shivaji Nagar,Bus,18.510914,73.847154,2.039,3.939,10,4
Pune Station,Pimpri,Bus,18.52880929316148,73.87448093289471,0.0,12.655,5,0
Swargate,Shivaji Nagar,Bus,18.51582,73.844332,2.987,2.991,12,13
Kothrud Depot,Pune Station,Bus,18.523488927576626,73.85775095043284,5.578,1.859,7,12
Shivaji Nagar,Kothrud Depot,Bus,18.513654302004657,73.81825857355541,3.623,1.318,8,9
Pune Railway Station,Katraj,Bus,18.534154,73.879677,0.782,12.648,7,1
Hadapsar,PCMC,Bus,18.499562655905127,73.92561416898218,0.0,19.644,5,0
Pune Railway Station,Katraj,Bus,18.467021,73.861084,11.073,2.357,30,31
Pune Railway Station,Katraj,Bus,18.524125,73.883293,3.692,9.738,15,12
Swargate,Katraj,Bus,18.493271,73.863056,0.895,5.795,6,3
Kothrud Depot,Swargate,Bus,18.504382,73.857298,5.665,0.932,20,19
Pune Station,Hadapsar,Bus,18.51754923538446,73.89412898486235,2.421,3.875,5,6
Swargate,Katraj,Bus,18.478299,73.857948,2.69,4.0,11,12
Pune Railway Station,Katraj,Bus,18.531347,73.887732,2.929,10.501,10,8
Swargate,Katraj,Bus,18.458163,73.854128,4.809,1.881,16,15
Swargate,Katraj,Bus,18.493626,73.862218,0.97,5.72,9,2
Hadapsar,PCMC,Bus,18.539583895835428,73.88683757689557,6.045,13.599,9,15
Kothrud Depot,Swargate,Bus,18.509322,73.812085,0.52,6.077,7,2
Kothrud Depot,Swargate,Bus,18.503956,73.859291,5.963,0.634,21,20
Pune Station,Hadapsar,Bus,18.5107586847538,73.90593908816386,3.874,2.422,6,8
Pune Station,Hadapsar,Bus,18.522033946365145,73.88627700573308,1.453,4.843,6,2
Swargate,Kharadi,Bus,18.517701025766904,73.88677821894096,3.143,6.286,7,7
Pimpri,Bhosari,Bus,18.62970621001253,73.82265968584885,1.177,2.825,7,2
Kothrud Depot,Pune Station,Bus,18.521241863311207,73.85091465662737,4.812,2.625,7,12
Pimpri,Bhosari,Bus,18.63194127981961,73.82890322654549,1.883,2.118,5,5
Pune Station,Pimpri,Bus,18.59827795274199,73.82997074590884,9.039,3.615,10,22
Swargate,Shivaji Nagar,Bus,18.51343896023316,73.85635739076514,1.533,2.146,5,4
Kothrud Depot,PCMC,Bus,18.51853377230219,73.80693700916862,1.24,12.396,7,3
Kothrud Depot,Swargate,Bus,18.509934,73.854463,5.404,1.193,18,17
Kothrud Depot,PCMC,Bus,18.5074113851622,73.80765182735075,0.0,13.636,5,0
Swargate,Katraj,Bus,18.465603,73.855647,4.014,2.676,14,11
Swargate,Shivaji Nagar,Bus,18.514721,73.842646,2.817,3.161,13,8
Pune Station,Pimpri,Bus,18.5736594255678,73.845720837451,5.841,6.814,9,14
Pune Station,Hadapsar,Bus,18.50686257279201,73.91280085532925,4.722,1.574,6,10
Kothrud Depot,Swargate,Bus,18.501752,73.863058,6.485,0.112,21,20
Swargate,Shivaji Nagar,Bus,18.500053,73.860884,0.24,5.738,5,0
Swargate,Shivaji Nagar,Bus,18.508725,73.851339,1.87,4.108,10,5
Pimpri,Bhosari,Bus,18.636742046415392,73.84272188562726,3.43,0.572,7,8
Swargate,Katraj,Bus,18.500195,73.864112,0.037,6.653,6,0
Swargate,Katraj,Bus,18.487096,73.858507,1.754,4.936,7,3
Pune Station,Kharadi,Bus,18.537327670345128,73.89777125386424,2.631,4.209,6,5
Swargate,Kharadi,Bus,18.507709637639035,73.87231312727967,1.257,8.172,7,2
Swargate,Shivaji Nagar,Bus,18.528358802198184,73.8487053442306,3.372,0.307,8,7
Swargate,Shivaji Nagar,Bus,18.51741,73.842331,3.262,2.716,12,13
Kothrud Depot,Swargate,Bus,18.516177,73.842473,3.874,2.723,15,14
Hadapsar,PCMC,Bus,18.629804695424795,73.79970041219504,19.644,0.0,14,42
Kothrud Depot,PCMC,Bus,18.60533148082793,73.80126448643243,10.909,2.727,11,24
Swargate,Katraj,Bus,18.447064,73.863014,6.459,0.231,22,17
Shivaji Nagar,Kothrud Depot,Bus,18.510328942031137,73.8126407883139,4.323,0.618,7,11
Kothrud Depot,Swargate,Bus,18.500915,73.863522,6.411,0.186,21,19
Swargate,Katraj,Bus,18.453581,73.858247,5.612,1.078,20,18
Hadapsar,PCMC,Bus,18.61976654844354,73.80942278087448,18.134,1.511,15,45
Pimpri,Bhosari,Bus,18.63488577427042,73.83727870954662,2.825,1.177,7,7
Swargate,Katraj,Bus,18.466974,73.856808,3.901,2.789,15,11
Swargate,Katraj,Bus,18.45178,73.85939,5.92,0.77,19,14
Pune Station,Hadapsar,Bus,18.528826758900912,73.87447182954125,0.0,6.296,6,0
Shivaji Nagar,Kothrud Depot,Bus,18.514056352624245,73.81902331434662,3.529,1.412,6,7
Swargate,Katraj,Bus,18.447411,73.861816,6.574,0.116,20,17
Pune Station,Hadapsar,Bus,18.504438691032025,73.91706268935862,5.247,1.049,9,11
Pune Station,Pimpri,Bus,18.55041149042471,73.86059609027602,2.812,9.842,6,6
Pune Railway Station,Katraj,Bus,18.469409,73.859977,10.997,2.433,31,34
Shivaji Nagar,Kothrud Depot,Bus,18.518401759046625,73.82638687435151,2.616,2.325,6,6
Shivaji Nagar,Kothrud Depot,Bus,18.51763468336536,73.82509023650037,2.779,2.162,6,6
Shivaji Nagar,Kothrud Depot,Bus,18.5167488773487,73.8235916019827,2.964,1.976,7,7
Pune Station,Hadapsar,Bus,18.512090008657616,73.90368624012054,3.598,2.698,6,9
Swargate,Shivaji Nagar,Bus,18.532833,73.853191,5.339,0.639,19,15
Swargate,Shivaji Nagar,Bus,18.531156,73.848456,4.895,1.083,16,16
Shivaji Nagar,Kothrud Depot,Bus,18.512918827428088,73.81699729641804,3.778,1.163,6,8
Pune Railway Station,Katraj,Bus,18.53692,73.884012,1.376,12.054,9,6
Pune Railway Station,Katraj,Bus,18.481554,73.85973,9.477,3.953,28,33
Swargate,Kharadi,Bus,18.505538639589176,73.8692484484019,0.857,8.572,6,1
Shivaji Nagar,Kothrud Depot,Bus,18.508937348209187,73.81026960574525,4.611,0.329,7,12
Pune Railway Station,Katraj,Bus,18.475653,73.859379,9.932,3.498,28,31
Swargate,Katraj,Bus,18.497512,73.862707,0.41,6.28,6,1
Swargate,Shivaji Nagar,Bus,18.520879938359727,73.85249454102825,2.452,1.226,5,5
Shivaji Nagar,Kothrud Depot,Bus,18.52145528348305,73.83153959661166,1.976,2.964,7,4
Pune Station,Kharadi,Bus,18.53513976356872,73.89174578374461,1.954,4.885,5,4
Pimpri,Bhosari,Bus,18.635597477576844,73.83941628433661,3.06,0.941,8,6
Kothrud Depot,Swargate,Bus,18.51669,73.83969,3.566,3.031,14,11
Swargate,Shivaji Nagar,Bus,18.52337154077136,73.8512648249112,2.759,0.92,5,6
Pune Station,Hadapsar,Bus,18.51625917507152,73.89640536791825,2.698,3.598,6,5
Swargate,Kharadi,Bus,18.52827675374681,73.90211453671765,5.144,4.286,8,10
Hadapsar,PCMC,Bus,18.589662924673316,73.83846343251706,13.601,6.044,12,34
Pune Station,Kharadi,Bus,18.54896843227389,73.92949713631637,6.218,0.622,7,13
Hadapsar,PCMC,Bus,18.609788605711906,73.8190617834758,16.623,3.022,13,38
Pune Station,Kharadi,Bus,18.546230849224116,73.92202311717945,5.374,1.466,8,11
Pune Railway Station,Katraj,Bus,18.480089,73.858336,9.628,3.802,29,29
Pune Railway Station,Katraj,Bus,18.482082,73.859355,9.325,4.105,26,34
Swargate,Shivaji Nagar,Bus,18.50292177748504,73.86170025352095,0.23,3.448,5,0
Pimpri,Bhosari,Bus,18.62914272068373,73.82107029244374,1.0,3.001,5,1
Swargate,Katraj,Bus,18.469942,73.854853,3.711,2.979,15,9
Pune Railway Station,Katraj,Bus,18.495948,73.864076,7.885,5.545,23,21
Pune Railway Station,Katraj,Bus,18.455753,73.863928,12.441,0.989,35,43
Swargate,Katraj,Bus,18.50014,73.863397,0.261,6.429,7,2
Swargate,Kharadi,Bus,18.519209012992498,73.88897165748509,3.429,6.001,7,7
Kothrud Depot,Swargate,Metro,18.508375,73.808071,0.074,6.523,6,0
Kothrud Depot,Swargate,Metro,18.50889,73.810616,0.297,6.3,5,1
Kothrud Depot,Swargate,Metro,18.510006,73.810169,0.334,6.263,7,2
Kothrud Depot,Swargate,Metro,18.508773,73.813701,0.483,6.114,7,3
Kothrud Depot,Swargate,Metro,18.508997,73.815007,0.78,5.817,6,0
Kothrud Depot,Swargate,Metro,18.511195,73.819489,1.114,5.483,8,6
Kothrud Depot,Swargate,Metro,18.511761,73.828105,2.308,4.289,13,6
Kothrud Depot,Swargate,Metro,18.513984,73.832787,2.573,4.024,13,10
Kothrud Depot,Swargate,Metro,18.513833,73.831903,2.723,3.874,10,9
Kothrud Depot,Swargate,Metro,18.514811,73.841793,3.8,2.797,12,12
Kothrud Depot,Swargate,Metro,18.514338,73.845785,4.247,2.35,15,14
Kothrud Depot,Swargate,Metro,18.512713,73.848057,4.583,2.014,16,15
Kothrud Depot,Swargate,Metro,18.506828,73.854839,5.515,1.082,19,18
Kothrud Depot,Swargate,Metro,18.507065,73.855129,5.553,1.044,18,16
Kothrud Depot,Swargate,Metro,18.504788,73.856663,5.777,0.82,20,18
Kothrud Depot,Swargate,Metro,18.504545,73.858708,6.0,0.597,20,19
Kothrud Depot,Swargate,Metro,18.504428,73.859908,6.15,0.447,20,21
Kothrud Depot,Swargate,Metro,18.501727,73.862076,6.336,0.261,21,16
Kothrud Depot,Swargate,Metro,18.501962,73.863909,6.523,0.074,20,22
Swargate,Katraj,Metro,18.496866,73.861746,0.373,6.317,5,0
Swargate,Katraj,Metro,18.496124,73.862252,0.672,6.018,5,2
Swargate,Katraj,Metro,18.493291,73.860101,1.007,5.683,7,1
Swargate,Katraj,Metro,18.491793,73.861513,1.157,5.533,8,2
Swargate,Katraj,Metro,18.491504,73.861226,1.231,5.459,7,2
Swargate,Katraj,Metro,18.486774,73.85951,1.679,5.011,9,5
Swargate,Katraj,Metro,18.483923,73.857983,2.164,4.526,9,5
Swargate,Katraj,Metro,18.481284,73.86033,2.351,4.339,12,6
Swargate,Katraj,Metro,18.477913,73.857444,2.652,4.038,11,8
Swargate,Katraj,Metro,18.47606,73.858185,2.917,3.773,12,8
Swargate,Katraj,Metro,18.474732,73.857194,3.144,3.546,12,8
Swargate,Katraj,Metro,18.472943,73.856683,3.257,3.433,13,10
Swargate,Katraj,Metro,18.473709,73.855838,3.295,3.395,12,9
Swargate,Katraj,Metro,18.469004,73.855325,3.863,2.827,14,8
Swargate,Katraj,Metro,18.462756,73.855641,4.317,2.373,15,13
Swargate,Katraj,Metro,18.46225,73.854681,4.506,2.184,16,12
Swargate,Katraj,Metro,18.461101,73.853221,4.695,1.995,17,14
Swargate,Katraj,Metro,18.4576,73.851441,5.036,1.654,17,14
Swargate,Katraj,Metro,18.456143,73.853963,5.15,1.54,17,13
Swargate,Katraj,Metro,18.456148,73.853492,5.227,1.463,18,17
Swargate,Katraj,Metro,18.455989,73.855682,5.458,1.232,16,12
Swargate,Katraj,Metro,18.453341,73.856472,5.728,0.962,17,13
Swargate,Katraj,Metro,18.44916,73.860034,6.228,0.462,20,18
Swargate,Katraj,Metro,18.44933,73.861762,6.267,0.423,21,17
Swargate,Shivaji Nagar,Metro,18.501365,73.862765,0.068,5.91,7,0
Swargate,Shivaji Nagar,Metro,18.500599,73.861261,0.274,5.704,5,1
Swargate,Shivaji Nagar,Metro,18.502534,73.860181,0.342,5.636,6,4
Swargate,Shivaji Nagar,Metro,18.50037,73.859691,0.445,5.533,6,4
Swargate,Shivaji Nagar,Metro,18.501715,73.857261,0.685,5.293,7,0
Swargate,Shivaji Nagar,Metro,18.502925,73.85605,0.956,5.022,7,2
Swargate,Shivaji Nagar,Metro,18.5025,73.854903,0.99,4.988,7,4
Swargate,Shivaji Nagar,Metro,18.505579,73.852402,1.464,4.514,9,7
Swargate,Shivaji Nagar,Metro,18.506358,73.850165,1.565,4.413,8,4
Swargate,Shivaji Nagar,Metro,18.507121,73.850711,1.633,4.345,9,7
Swargate,Shivaji Nagar,Metro,18.511979,73.847354,2.344,3.634,11,8
Swargate,Shivaji Nagar,Metro,18.51562,73.842105,3.054,2.924,12,13
Swargate,Shivaji Nagar,Metro,18.516306,73.84043,3.123,2.855,14,11
Swargate,Shivaji Nagar,Metro,18.516909,73.842468,3.158,2.82,13,12
Swargate,Shivaji Nagar,Metro,18.518447,73.841436,3.297,2.681,12,13
Swargate,Shivaji Nagar,Metro,18.520557,73.844108,3.506,2.472,15,12
Swargate,Shivaji Nagar,Metro,18.522349,73.84276,3.716,2.262,13,12
Swargate,Shivaji Nagar,Metro,18.524748,73.845499,4.377,1.601,15,15
Swargate,Shivaji Nagar,Metro,18.529238,73.845392,4.447,1.531,16,15
Swargate,Shivaji Nagar,Metro,18.529568,73.846602,4.621,1.357,17,19
Swargate,Shivaji Nagar,Metro,18.530169,73.848341,4.759,1.219,16,21
Swargate,Shivaji Nagar,Metro,18.530414,73.848046,4.827,1.151,17,16
Swargate,Shivaji Nagar,Metro,18.531735,73.849541,4.929,1.049,18,16
Swargate,Shivaji Nagar,Metro,18.532245,73.854674,5.373,0.605,16,17
Swargate,Shivaji Nagar,Metro,18.532095,73.852029,5.373,0.605,19,16
Swargate,Shivaji Nagar,Metro,18.532484,73.851365,5.479,0.499,18,16
Swargate,Shivaji Nagar,Metro,18.531878,73.849842,5.693,0.285,18,20
Swargate,Shivaji Nagar,Metro,18.531692,73.84859,5.871,0.107,18,17
Kothrud Depot,PCMC,Metro,18.5407654466923,73.80551364662205,3.719,9.917,7,9
Swargate,Shivaji Nagar,Metro,18.51406907496351,73.85603437481865,1.609,2.069,7,3
Pune Station,Kharadi,Metro,18.530364896162027,73.87881929384221,0.489,6.351,6,0
Pune Station,Kharadi,Metro,18.53517310140062,73.89176093783739,1.954,4.885,6,5
Pimpri,Bhosari,Metro,18.631913091487647,73.82874136454167,1.867,2.134,6,4
Pimpri,Bhosari,Metro,18.633533131743672,73.83352998962748,2.401,1.601,5,6
Pimpri,Bhosari,Metro,18.63518896118305,73.83830440741279,2.934,1.067,7,6
Kothrud Depot,Pune Station,Metro,18.522512640129463,73.8548287990493,5.25,2.187,9,13
Kothrud Depot,Pune Station,Metro,18.523790789576125,73.85871786293093,5.687,1.75,9,15
Swargate,Kharadi,Metro,18.501066721382347,73.86267058677352,0.0,9.43,5,0
Swargate,Kharadi,Metro,18.508767947991203,73.87379820235266,1.451,7.979,5,2
Swargate,Kharadi,Metro,18.52792474696109,73.90164011476931,5.078,4.352,9,11
Swargate,Kharadi,Metro,18.54331101772281,73.92385169091513,7.979,1.451,10,19
Hadapsar,PCMC,Metro,18.56969000575017,73.85780880811252,10.579,9.066,10,26
Pune Station,Pimpri,Metro,18.568827885826447,73.84879969415245,5.211,7.444,7,13
Shivaji Nagar,Kothrud Depot,Metro,18.52917528039687,73.84463577109678,0.353,4.588,5,0
Shivaji Nagar,Kothrud Depot,Metro,18.525812299215318,73.8389553396351,1.059,3.882,5,2
Shivaji Nagar,Kothrud Depot,Metro,18.52410084914861,73.83609840194904,1.412,3.529,6,2
Shivaji Nagar,Kothrud Depot,Metro,18.509086478180773,73.81050371065197,4.588,0.353,6,9
Swargate,Shivaji Nagar,Metro,18.511007529541192,73.85761565893439,1.226,2.452,7,3
Pune Station,Kharadi,Metro,18.528828230638727,73.87445777313853,0.0,6.839,5,0
Pune Station,Kharadi,Metro,18.541750021809296,73.90976700190264,3.99,2.85,7,10
Pune Station,Kharadi,Metro,18.54359474571552,73.91481990032605,4.56,2.28,8,9
Pune Station,Kharadi,Metro,18.55097164667284,73.93501195243921,6.839,0.0,7,15
Pimpri,Bhosari,Metro,18.627222268247436,73.81538872537308,0.364,3.638,5,1
Pimpri,Bhosari,Metro,18.637388477980917,73.84456473175248,3.638,0.364,8,8
Kothrud Depot,Pune Station,Metro,18.51114355756838,73.81946223111478,1.312,6.124,6,2
Kothrud Depot,Pune Station,Metro,18.51748561615384,73.83906959545338,3.5,3.937,8,8
Kothrud Depot,Pune Station,Metro,18.52254560792389,73.85479960419664,5.25,2.187,8,12
Kothrud Depot,Pune Station,Metro,18.52376086094311,73.85873931289011,5.687,1.75,8,12
Swargate,Kharadi,Metro,18.514377726125858,73.88197076508013,2.515,6.915,7,5
Swargate,Kharadi,Metro,18.524352277271813,73.89646624187883,4.401,5.029,8,9
Swargate,Kharadi,Metro,18.53434525087213,73.91087438477716,6.287,3.143,9,14
Swargate,Kharadi,Metro,18.537674451069726,73.91567547886041,6.915,2.514,7,17
Hadapsar,PCMC,Metro,18.59974639459276,73.82875568807601,15.112,4.533,14,33
Shivaji Nagar,Kothrud Depot,Metro,18.530768244134887,73.84743268631037,0.0,4.941,5,0
Shivaji Nagar,Kothrud Depot,Metro,18.52056875764904,73.83003398974778,2.161,2.779,5,4
Shivaji Nagar,Kothrud Depot,Metro,18.51473150696755,73.82007542252798,3.397,1.544,6,8
Shivaji Nagar,Kothrud Depot,Metro,18.508930013566577,73.81014619547555,4.632,0.309,6,12
Kothrud Depot,PCMC,Metro,18.602646256838675,73.80145941701471,10.606,3.03,9,24
Swargate,Shivaji Nagar,Metro,18.51099995238439,73.85764457450001,1.226,2.452,7,3
Swargate,Shivaji Nagar,Metro,18.525862339293063,73.84999985198826,3.065,0.613,8,7
Pune Station,Hadapsar,Metro,18.50404606714273,73.91771520490688,5.327,0.969,7,14
Pune Station,Hadapsar,Metro,18.501796608772903,73.92167269431766,5.812,0.484,8,13
Pune Station,Kharadi,Metro,18.537125735542,73.89717684673724,2.565,4.275,5,6
Pune Station,Kharadi,Metro,18.54819192898948,73.92742631790823,5.985,0.855,7,14
Pimpri,Bhosari,Metro,18.62607139676487,73.81215420069951,0.0,4.001,5,0
Pimpri,Bhosari,Metro,18.638536519887506,73.84776556587042,4.001,0.0,6,8
Kothrud Depot,Pune Station,Metro,18.511402993468376,73.82019384921615,1.394,6.042,5,3
Kothrud Depot,Pune Station,Metro,18.52878462027821,73.87449238978283,7.437,0.0,10,16
Swargate,Kharadi,Metro,18.501075676407662,73.86267091704097,0.0,9.43,5,0
Swargate,Kharadi,Metro,18.546441801139885,73.92840153915901,8.573,0.857,8,20
Pune Station,Pimpri,Metro,18.5811939536512,73.84093260094109,6.814,5.84,9,15
Shivaji Nagar,Kothrud Depot,Metro,18.519815558356,73.82873490505528,2.325,2.616,5,6
Shivaji Nagar,Kothrud Depot,Metro,18.514326316372426,73.81935252430056,3.487,1.453,6,8
Shivaji Nagar,Kothrud Depot,Metro,18.511544079428045,73.81468031084177,4.069,0.872,6,10
Kothrud Depot,PCMC,Metro,18.52372704750865,73.80659985596854,1.818,11.818,5,3
Kothrud Depot,PCMC,Metro,18.55634104437628,73.80445212618835,5.454,8.182,8,11
Kothrud Depot,PCMC,Metro,18.564518207919185,73.80394410156299,6.364,7.273,9,13
Kothrud Depot,PCMC,Metro,18.580840979030206,73.80290279248803,8.182,5.454,8,21
Kothrud Depot,PCMC,Metro,18.59715540010603,73.80182983876723,10.0,3.636,9,25
Swargate,Shivaji Nagar,Metro,18.51758998970117,73.85421563124285,2.043,1.635,5,4
Swargate,Shivaji Nagar,Metro,18.52418950679771,73.8508129913043,2.861,0.817,5,7
Pune Station,Hadapsar,Metro,18.516289979346364,73.89634768183787,2.698,3.598,7,6
Pune Station,Kharadi,Metro,18.540788153378365,73.90704590594227,3.683,3.157,7,8
Pimpri,Bhosari,Metro,18.63620500420524,73.84112807431151,3.251,0.75,7,7
Kothrud Depot,Pune Station,Metro,18.516573401971147,73.83629104626961,3.187,4.25,7,7
Kothrud Depot,Pune Station,Metro,18.519669821119585,73.84582651086028,4.25,3.187,6,9
Kothrud Depot,Pune Station,Metro,18.52573747049558,73.86495140309025,6.375,1.062,8,15
Swargate,Kharadi,Metro,18.5135293842488,73.88075736401322,2.358,7.072,7,6
Swargate,Kharadi,Metro,18.52187089085517,73.89283869218119,3.929,5.5,8,8
Swargate,Kharadi,Metro,18.526013479212867,73.89884771772937,4.715,4.715,8,10
Swargate,Kharadi,Metro,18.534365746494057,73.91088080059511,6.287,3.143,9,15
Swargate,Kharadi,Metro,18.53851712783481,73.9169165703913,7.072,2.357,8,17
Swargate,Kharadi,Metro,18.55100489122496,73.93496355913724,9.43,0.0,10,20
Hadapsar,PCMC,Metro,18.573952861486816,73.85365705471204,11.226,8.418,12,24
Hadapsar,PCMC,Metro,18.592559655695226,73.83567208464672,14.032,5.612,11,34
Pune Station,Pimpri,Metro,18.582856640233757,73.83984728190723,7.031,5.624,10,17
Pune Station,Pimpri,Metro,18.61525949678334,73.81906070253713,11.249,1.406,10,29
Shivaji Nagar,Kothrud Depot,Metro,18.512090337388333,73.81560173976263,3.952,0.988,7,9
Shivaji Nagar,Kothrud Depot,Metro,18.507398201810883,73.80764686894565,4.941,0.0,6,12
Kothrud Depot,PCMC,Metro,18.56301868324603,73.80402844382546,6.198,7.438,9,14
Kothrud Depot,PCMC,Metro,18.60754237479453,73.80113516610086,11.157,2.479,10,25
Swargate,Shivaji Nagar,Metro,18.50700335551171,73.85964593137805,0.736,2.943,6,1
Swargate,Shivaji Nagar,Metro,18.51595519585991,73.85507417985443,1.839,1.839,7,3
Swargate,Shivaji Nagar,Metro,18.521880690511605,73.85205008103732,2.575,1.103,7,6
Pune Station,Kharadi,Metro,18.531945554173245,73.88312270041257,0.977,5.862,5,1
Pune Station,Kharadi,Metro,18.53987133968125,73.90474630667059,3.42,3.42,8,7
Pune Station,Kharadi,Metro,18.54624029891417,73.92201363553964,5.374,1.466,9,14
Pune Station,Kharadi,Metro,18.54941296036637,73.93067563924754,6.351,0.489,8,16
Pune Station,Kharadi,Metro,18.550974697055675,73.93499422790327,6.839,0.0,8,15
Pimpri,Bhosari,Metro,18.62784735396321,73.81724536297476,0.572,3.43,5,1
Pimpri,Bhosari,Metro,18.63850557862182,73.84776788194156,4.001,0.0,8,10
Swargate,Kharadi,Metro,18.501065305921305,73.86270211309065,0.0,9.43,6,0
Hadapsar,PCMC,Metro,18.532123521151988,73.8941064861962,4.912,14.733,7,11
Hadapsar,PCMC,Metro,18.60811992256555,73.82067418606587,16.371,3.274,12,38
Hadapsar,PCMC,Metro,18.618941120816284,73.81017873618102,18.008,1.637,15,39
Kothrud Depot,PCMC,Metro,18.629801491633906,73.79976568760684,13.636,0.0,13,30
Swargate,Shivaji Nagar,Metro,18.52539435828564,73.85025931469205,3.009,0.669,7,7
Pune Station,Hadapsar,Metro,18.501956874161014,73.92132702414455,5.771,0.525,7,12
Pune Station,Kharadi,Metro,18.546968713901,73.92397375924618,5.596,1.243,8,13
Pimpri,Bhosari,Metro,18.637490840780888,73.84482003860245,3.668,0.333,7,8
Kothrud Depot,Pune Station,Metro,18.51233880132308,73.82304492936255,1.716,5.721,5,4
Kothrud Depot,Pune Station,Metro,18.51891687296033,73.84367409759878,4.005,3.432,8,8
Hadapsar,PCMC,Metro,18.499511894348025,73.92557571651173,0.0,19.644,6,0
Hadapsar,PCMC,Metro,18.572786613647235,73.85475194648795,11.051,8.594,10,29
